predrag = Predrag Cvitanovic <predrag@gatech.edu>

awillis9 = awillis9 <awillis9@badAddress>
brobbins30 = brobbins30 <brobbins30@badAddress>
cshi31 = cshi31 <cshi31@badAddress>
dborrero = dborrero <dborrero@badAddress>
domenico = domenico <domenico@badAddress>
froehlich = froehlich <froehlich@badAddress>
geqi = geqi <geqi@badAddress>
gibson = gibson <gibson@badAddress>
kazumasa = kazumasa <kazumasa@badAddress>
kcarroll3 = kcarroll3 <kcarroll3@badAddress>
lzhang98 = lzhang98 <lzhang98@badAddress>
ruslan = ruslan <ruslan@badAddress>
siminos = siminos <siminos@badAddress>
sortega = sortega <sortega@badAddress>
vasimos = vasimos <vasimos@badAddress>
wilczak = wilczak <wilczak@badAddress>


siminos:evangelos.siminos@gmail.com
ruslan:rld8@mcs.le.ac.uk
dborrero:dborrero@gatech.edu
abracco:abracco@gatech.edu
kcarroll3:kcarroll3@gatech.edu
chate:hugues.chate@cea.fr
crane:dc176@leicester.ac.uk
sflynn3:sarah.flynn@gatech.edu
geqi:intertwistlet@gmail.com
kazumasa:kazumasa@daisy.phys.s.u-tokyo.ac.jp
cmarcotte3:christopher.marcotte@gmail.com
mavila:mavila@ds.mpg.de
sortega:sortega@gatech.edu
brobbins30:brobbins@alumni.mines.edu
roman:romgrig@gatech.edu
lsaldana6:lsaldana6@gatech.edu
schatz:mfschatz@gmail.com
domenico:domenicuzzo@gmail.com
xiong:dingxiong203@gmail.com

burak:burakbudanur@gmail.com
